temperature,moisture,gas,time_to_spoil,spoiled
21.236203565420873,41.10797573031718,204.6822734943624,5.6162985834476915,0
38.52142919229749,62.514056842701486,198.79151962879993,2.8233627190063757,0
31.959818254342153,82.37675015258449,462.50183220841467,2.2226788347281454,0
27.959754525911098,73.93349318457368,199.81847993980244,3.307531408240404,0
14.680559213273096,78.39366887168698,208.7798904514524,4.403480744636889,0
14.67983561008608,69.52700200264304,403.75930496718547,4.651907033892054,0
11.742508365045984,71.53659387107115,279.895936980216,4.969023532961628,0
35.98528437324806,80.95173909391916,410.6842227820725,1.943200385197164,0
28.033450352296263,44.98008053155115,126.14646302575409,4.821504475167061,0
31.242177333881365,59.36549781858843,295.02847746935373,3.6124788982130873,0
10.617534828874074,43.27256650917613,113.44544007331305,6.661172751580473,0
39.097295564859834,89.26008047979883,125.0612813821418,1.5022051381419335,0
34.97327922401266,86.64356038119679,462.57498133776437,1.7079190772011295,0
16.370173320348286,32.365608682110356,155.69814844703808,6.589004085412616,0
15.454749016213018,72.33451035094131,312.96827291008685,4.524831307921545,0
15.502135295603015,85.51489904493995,264.4382410402826,3.909603277152417,0
19.127267288786133,40.83452070764001,238.93733050353708,5.806609905235849,0
25.742692948967136,64.07671383315777,459.933338274909,3.7619616751704887,0
22.958350559263472,84.92929785528251,108.7293587101958,3.3489706925993303,0
18.736874205941255,32.03675871514793,365.51587447023564,6.158958769178242,0
28.355586841671386,71.84521603481039,485.35777368542017,3.0868227404069213,0
14.184815819561255,47.840940442353045,324.0672733847368,5.865404122541485,0
18.764339456056547,85.46377172259182,474.7289848132367,3.375648483451517,0
20.99085529881075,88.26349470992207,120.9031517144095,3.3668365829084115,0
23.682099526511077,86.65598934680604,267.5173276296646,3.031473252378926,0
33.55527884179041,58.45285299944783,204.06311638482046,3.517766349463746,0
15.990213464750791,81.72255905935882,392.32838599229194,3.922522314564687,0
25.42703315240835,80.67296391210422,492.51883619889867,2.931129652955054,0
27.772437065861276,49.146028394595334,202.61202497769912,4.562842848706406,0
11.393512381599932,79.73492844904064,361.6698405896298,4.512232498798345,0
28.22634555704315,32.220458082929554,179.23905310389605,5.3871034870453105,0
15.115723710618745,65.77619270892319,326.13210182864395,4.873485891663322,0
11.951547789558386,43.80053023726218,285.5729946753345,6.329245714505718,0
38.466566117599996,37.23401314663673,488.8021318526148,3.802840599055549,0
38.96896099223678,34.61719209775255,343.41090907858666,4.028833386810107,0
34.25192044349383,71.77732655268838,239.8025488347275,2.7461390791814697,0
19.13841307520112,50.39249782608397,145.63831395517334,5.420895487220516,0
12.930163420191516,73.48600629172569,160.49873149397382,4.8721846119005905,0
30.526990795364707,33.92138044793654,190.12677198049403,5.0611051260862085,0
23.20457481218804,48.91742026983662,200.3866645361192,5.033284840753246,0
13.661147045343364,62.36947754252023,440.2464231364551,5.075164995203197,0
24.855307303338105,77.44338989033781,324.48911531300996,3.3178106598362893,0
11.031655633456552,49.12515017592419,309.35636454974656,6.131220563308389,0
37.27961206236346,67.55348258622055,145.90754874768697,2.748457115704939,0
17.763399448000506,83.15866489417124,444.055877339774,3.6216709331516137,0
29.87566853061946,66.95179129093827,389.1257212833935,3.275717861107746,0
19.35133228268233,43.97756848521803,127.06734476000064,5.738921002710865,0
25.602040635334326,31.464046893392283,383.1340388919075,5.483459552905045,0
26.40130838029839,82.2059324340558,317.41528693705845,2.9321572533303124,0
15.545633665765811,31.27616465102323,132.6901382987113,6.748938262573546,0
39.08753883293676,82.48210036105196,283.3202566114626,1.6838208420422625,0
33.253984700833435,61.73622804163272,293.8785148520188,3.293911612983001,0
38.18496824692568,86.34406191077377,166.30981606531032,1.6979902637034332,0
36.844820512829465,77.92699414641993,478.2792588001129,1.9408889825959434,0
27.936999364332554,89.87604663200025,439.99014859226475,2.272507583374467,0
37.6562270506935,51.04270892710261,367.6089349316433,3.314632913643875,0
12.654775061557585,76.0312973358676,284.9182244002429,4.648039402650618,0
15.879485872574357,54.11585481655453,264.70621663380336,5.441552455281034,0
11.356818667316142,58.79253721823453,360.38938686038165,5.564301885496278,0
19.759909922897933,67.6503277931022,318.1727477627622,4.323319870292334,0
21.660318690684463,82.42062685118032,124.90924235275425,3.5880275460197835,0
18.140470953216877,89.04500815195772,305.0010595081327,3.4287014375722933,0
34.86212527455788,76.0964048318711,422.5614468931358,2.2864057840575205,0
20.70259980080768,55.066006930040025,283.6959510387832,4.892743722378446,0
18.428035290621423,55.281420136624206,120.78263102170737,5.27234283308494,0
26.280882494747456,74.25493809533349,414.5112797536132,3.244653566004967,0
14.22772674924288,44.32662874609814,180.54551285438976,6.180350374916415,0
34.06590942262119,36.62844678788368,203.4483339552155,4.5585383843884815,0
12.236519310393124,51.27732945844659,165.88254137291835,6.046599054665439,0
39.60660809801552,47.2343394992449,232.08602594859903,3.445536189287604,0
33.16734307889972,47.778487227359406,402.700602275454,3.8916407284666032,0
15.961470446025173,44.0164650629946,307.7543438015749,5.8952753584461774,0
10.165663513708072,32.525591378181716,181.95250966028502,7.175201570059822,0
34.463842853645026,31.072436084004828,451.13203126081635,4.5488618791744395,0
31.205720315428515,89.26334338416189,451.8327419806117,1.9644280572684423,0
31.87021504122962,55.66638802415174,448.23137001840274,3.581427724651048,0
33.13811040057837,53.0595988295809,195.51848455261572,3.837690533910502,0
12.22133955202271,70.77883696158419,280.49573767239525,4.958428459046123,0
20.753971856328178,43.09523327190385,493.99586245635004,5.27584528831564,0
13.476071785753891,86.99767103701352,408.80499052399614,3.8937042790499383,0
35.89310277626781,77.18070086493313,110.86696849022393,2.4407877106363385,0
28.698943804826737,35.36466013873557,126.08183650419681,5.235790776076351,0
19.926940745579476,55.0548465470957,285.5725507249331,4.968991047362334,0
11.906750508580709,82.74709845372988,463.68808234462404,4.208281944110811,0
19.329469651469864,86.68392133748462,315.4807191810857,3.417376248797697,0
19.75549966080241,58.044090674992184,299.1250032137161,4.823120496956434,0
31.88818535014192,66.80468335264246,142.18947998265224,3.3287578173710326,0
29.126724140656393,40.02203676552451,362.7120418897176,4.723513705768418,0
36.616382277289794,89.4701175682186,428.8412642400902,1.4360146296200007,0
24.16644775485848,43.90030208300661,252.16800300302492,5.136172117360797,0
13.58782737814905,86.56390644810753,410.244740370131,3.902777199409587,0
31.39734361668985,68.97879893954212,485.7906615603246,2.9255350297935845,0
32.82355145850693,66.46420769273155,181.50658365107563,3.212927885861654,0
26.83831592708489,60.76131066099052,309.3318524778965,3.9687710217640886,0
33.12901539863683,43.84018870306552,214.85518323383022,4.280233841749211,0
24.81386789093172,40.591681920330494,417.14176761353576,5.071887347276768,0
25.681984881459822,43.22917254421052,331.03734635246303,4.939305538291028,0
22.826230550756488,41.18629572865527,353.8329670201215,5.304229191471466,0
10.762573802322855,76.7750684140052,419.16566384635763,4.665823535221096,0
13.236742809799134,51.0075155500038,258.38818906498193,5.867561752454915,0
10.942875570602027,33.47056059380378,466.03602736281726,6.76614838588679,0
29.092312337913413,88.14615780844868,313.211546898456,2.370249328887768,0
19.4306794322898,83.02715309780554,163.1819291341392,3.7423924727466034,0
25.257120734941083,85.66513699171279,378.359647267521,2.812671429652731,0
37.22699421778279,89.69446935878611,417.3045401753018,1.3752725701071142,0
17.47876687446625,40.433714953169236,226.70467082701066,6.003732894067903,0
22.31148769106889,53.77452113415953,442.8717027995012,4.637253471385633,0
32.66653415629146,75.49430854224548,462.45730190630655,2.496173855352273,0
16.863944964748676,71.76123708322754,210.7617949511236,4.5147818544126315,0
12.309397294863789,39.233754380391304,493.4085890860888,6.313963962407967,0
18.69254358741304,78.94998749943707,156.28461121950338,4.026961655067338,0
14.836638617620132,43.46643431019964,180.806267360996,6.162208155367009,0
37.890929570277194,43.42905688935738,173.68993569521047,3.8657642628092006,0
34.24361138693251,62.218465373604815,457.59588400314817,3.0071197086233594,0
29.002112695312704,65.57639609050219,361.71702092998476,3.4592519050136348,0
36.143817705631534,64.80517247026867,160.84171328890915,2.9845178926345035,0
34.110162306973436,35.489210243865294,276.12936734733955,4.538393889762052,0
15.597101766581076,82.64765175782281,346.1192100279208,3.9617880254228304,0
36.77676995469933,45.93600255532236,133.38563399575332,3.892137242768195,0
26.18026725746952,37.77089527696825,452.9665473629355,5.0404619630417,0
34.22320465492187,83.32488479213863,421.44141417661405,1.989993880724267,0
36.8827389977048,87.3390898937852,302.0827094306553,1.6426888961096058,0
19.540104249155917,81.72765703592704,486.85064610366817,3.472756077184388,0
13.301557735830302,78.57096448349269,267.10439171003986,4.474191610532295,0
16.83805487625825,69.3145188383413,493.64412761459914,4.35682444284251,0
22.813233658787688,63.05144223654836,367.16799952145084,4.198936522772362,0
34.54044297767479,35.21920559468461,353.8685093015766,4.431126913196714,0
35.82191749769031,54.50719278424192,166.381958118314,3.5260666529005595,0
10.208563915935722,52.36131102073884,452.7711033218576,5.908306954047628,0
25.32241907732697,45.585227025619574,270.9958751682461,4.917500865818077,0
22.52233009446337,73.40520682131509,164.89336231299174,3.912613287174917,0
16.663234314121908,59.75254410472625,105.04300799030362,5.2410063553611925,0
13.595961020010485,34.862772954458876,323.902273455353,6.573362976820655,0
20.12845514210884,43.21099211698868,310.95984884907057,5.515645031090611,0
38.287291117375574,70.99552581957576,387.7414489476634,2.2337531483359907,0
19.696087960622656,34.56785156941801,456.10322120712084,5.845895404259712,0
25.563718652300985,81.07241484292612,131.76263385721182,3.2582447587663825,0
31.090568766855334,59.70879162083846,392.5985961361449,3.5129049461363975,0
20.90888807137882,58.83519463959888,174.9647776390329,4.792386683243141,0
39.15346248162882,65.54446707957106,443.2708212628656,2.364159576595698,0
38.87341884826334,79.48085795550895,427.62540554466244,1.7109898118535565,0
17.553468874760924,50.86855247413158,316.31750199421776,5.384907986823111,0
24.91745517677156,70.68096915354381,384.0971194493246,3.5901089051963284,0
19.026349294503092,63.94391783974746,225.74004527349936,4.674429133288817,0
18.545214831324028,46.02169621016528,288.46715957312585,5.555926546786207,0
11.106608420635984,82.71779918130949,428.65475908418864,4.324794439786738,0
28.286930019396905,77.8455612964157,283.70607886928553,2.9953228543702393,0
25.080370696865845,69.50711007950554,243.1193061301767,3.773488120207962,0
11.54436253749968,81.03490374565452,297.68497890012,4.496133580067186,0
18.359393927098346,82.03765205758813,431.29970097488734,3.630878303435872,0
37.24797657899961,72.50177860290208,234.0832189483491,2.416030193006586,0
17.186856720009175,80.22079970182033,169.5046372542975,4.100769705653769,0
14.346846162736693,71.84828770015702,384.80560813231233,4.588095390586167,0
24.68358280832689,70.80844630561802,430.39128508323273,3.560828118803177,0
39.56951362331802,67.11668269291106,140.25499140941332,2.546959511613231,0
17.261658145345013,75.16299837345846,195.94964510237787,4.319734621690197,0
30.164066422176358,39.51630631758442,156.78879590439755,4.850989245998745,0
32.84858845986153,82.85224555193571,239.17656463286664,2.3333523117841954,0
17.12912631977199,82.31061166471392,280.14039156216506,3.89141639322494,0
31.846490458355788,31.75483698207355,399.5305347853226,4.828078570275421,0
21.033493981577596,79.54900503388576,360.45903395266964,3.558741316195282,0
28.969174917807383,37.73219204840671,348.37142699137246,4.868101478807554,0
29.00589132282684,50.10713125554851,240.94997864386175,4.3531043262960285,0
26.073240522242756,74.61049537749646,436.579021233904,3.2255721576669973,0
12.70869310163225,39.64559376289849,288.5148669592658,6.458336134732584,0
35.05907486767714,79.07802144714373,491.64197520606183,2.048549465669037,0
19.623401949152075,79.92805067746451,353.65685531829473,3.6876004158932725,0
15.595555311995627,60.44806402565017,150.50589662580109,5.267535370892127,0
11.223254246642917,30.383152303010014,370.4710248301736,6.988045935355034,0
27.726788295647253,47.22228799049476,230.0416061726796,4.636165164737856,0
30.326930855268472,67.01561510254453,374.53087867443895,3.2419952806714862,0
10.497634867835684,88.87117068164541,127.8564592649623,4.378821519869199,0
25.36279174897843,67.9088116210001,169.95257487038376,3.898327669181768,0
16.79487325593814,45.588214863849586,442.2949035623145,5.598807027651392,0
29.355183712283495,68.04034218597668,190.87182280940596,3.4715926966634107,0
15.230992870149743,62.39912278295133,434.816450097176,4.922128123740283,0
30.728132143073978,76.79072370906862,211.71043538176417,2.875940164857406,0
21.602060389016124,36.4188383296175,357.1527640234831,5.661699280594029,0
38.101899662102035,75.66167415012168,377.6602294039324,2.029066096879779,0
14.125628324379797,62.47599472056662,305.0619012580212,5.158575530275668,0
20.231990531507755,87.77952023153968,222.1242706786925,3.3657006645935468,0
13.404205637217672,50.51232996232116,185.05775054843843,5.948905187613737,0
37.74080854835688,67.9573135880369,113.27574182497048,2.7147777239374973,0
36.32018060142943,85.92168633060105,221.57856049628953,1.8503190628307138,0
17.73824883145467,36.15058367944076,361.2651162125132,6.057380816669982,0
29.79952138102537,86.23370923418707,475.32192737939306,2.2330404728087156,0
34.51666600603647,71.27314333804881,448.4817929052208,2.536194439588691,0
26.65602434798387,34.07022354631032,406.42591061412105,5.224460477271975,0
25.889517350680194,48.057814016808976,415.37893730131947,4.592778626790212,0
17.25556872701355,72.4903253187169,365.9939613903981,4.283932899972402,0
12.793083034176977,34.041036088126305,204.1147430264012,6.814525149149586,0
36.91647273859981,64.9302276105764,462.87801228233195,2.598963333328868,0
37.01254171489991,50.752983417177404,368.2929247623336,3.3928037328888054,0
28.993043718198038,67.25493106604863,324.17625239217597,3.4137728224855888,0
20.17089373146102,32.74452202875077,144.39578768539243,6.201288737730966,0
20.476287238379825,82.29220836914257,278.82221752257016,3.558938640182319,0
31.778670366107182,88.4093381506438,284.14330848077054,2.117522747376321,0
36.913307798577314,88.13267131714149,445.82544380906796,1.4562102104761259,0
36.61259272795352,74.97910990457548,318.6592880751154,2.271125943900759,0
33.396266375728715,37.80517440783792,252.16021958816387,4.517954422447069,0
29.26094938462863,75.49579175574135,490.7201314042637,2.808395342345805,0
12.524198949851465,31.47521498752809,144.28823733052627,7.029531118307922,0
14.848861422838413,31.327413091739835,269.0193713247778,6.67972383180439,0
36.956625655812374,49.41661314897247,116.80987006856212,3.7166969069015767,0
28.1928717897877,59.318591424279944,395.96164830677213,3.81882160150046,0
10.27591154849889,76.22444506846759,467.23062087966025,4.693955970847071,0
13.044146285980963,70.9977225963903,212.01493182019578,4.933684309762192,0
29.905053073241675,56.7541623826049,443.33667071964834,3.728449902825939,0
10.15184751538656,46.41759997689995,216.8872921847591,6.447047957431588,0
14.824241542524959,89.82747000946267,464.3080646575661,3.561894280616804,0
26.462013680997583,55.57087813415838,401.5847614387136,4.17366996375361,0
30.756855930780798,57.08322145978053,421.96271073657545,3.648190623196318,0
29.558837785078016,39.81742927150015,107.2026222401818,4.946042135677009,0
16.728079283816793,77.68857292499575,485.1241428296104,3.9576392825389224,0
31.365376640426074,71.62093354688932,390.6683968281293,2.891747261784797,0
17.117472624904003,43.24617676732562,221.90043815445333,5.9040434609888655,0
19.76199094477803,34.94286273695056,431.7578659435388,5.844899902731131,0
32.394742153540726,70.82995812448279,212.608479365972,3.0064193990558152,0
29.48898697141644,69.27067285686812,449.1015358264512,3.138466124188498,0
35.47670231482534,46.395571619892564,145.0321561647748,3.9875190313580626,0
29.7283867690103,87.05181373502462,381.4743909843183,2.2930962453634196,0
27.049258100064147,39.06347350685401,316.27939065796414,5.02562112399292,0
12.810243034842774,55.940088062556114,138.61378807817633,5.78335750530974,0
21.031474091783004,86.61695521005593,196.7575313035356,3.3692472990153677,0
17.956071030451763,55.18363901556734,104.96161451092591,5.340249331665531,0
17.319689301372506,68.31155685984513,287.5071861858023,4.56494604068469,0
39.190316642573364,53.855663877767654,220.50610430400013,3.16767903755028,0
21.792931740002814,46.452912140920205,339.34299371910356,5.158718225234605,0
36.7613966553134,89.0386588775897,218.8951230834469,1.6530322675057274,0
28.934158779917887,54.560040378902585,219.96764460279388,4.1586144584602875,0
33.84433910624945,83.64595222074806,397.27727949264136,2.035991198845011,0
25.079112793155765,43.79727635346517,119.25713439134138,5.182967768619823,0
27.307116538790773,42.786282241505,461.1579980767949,4.668816235968878,0
24.77553081456592,31.86804497307068,440.90554975647257,5.488139120133401,0
15.857289633941335,69.10000952255311,367.12187329056263,4.592148687187648,0
31.67356345784516,52.11158062342567,337.28862804295375,3.889775995001247,0
18.423170873225672,81.86149499037822,456.9209992558609,3.6076871639026606,0
10.729478992943616,58.392594401493426,174.1320718114858,5.833290308819481,0
29.364168877215036,88.09160567488331,131.58766487633144,2.5274151636579987,0
15.313320382211469,41.13153094218727,195.80406796381524,6.216287346705674,0
38.21375753058743,82.11739007733664,417.8313114800761,1.654923431594348,0
38.617857310077625,76.59581116750451,113.86810669059332,2.1945556039264185,0
37.44593170661346,76.25531067864313,333.1227340333959,2.1095185613731013,0
21.10476100766333,80.68699368701326,498.17500647652395,3.3569992084064797,0
10.463698495866023,75.66143945657993,442.27843753501577,4.728279740049385,0
37.84955687763176,67.57321929788492,308.5782756174358,2.527805071725142,0
22.84552444951943,37.87469266094325,125.45636371465693,5.696256558286237,0
38.999644571310085,31.951570769475115,432.54940575428395,4.069907598640952,0
38.90859931267758,85.2508708689412,339.59140327088426,1.5070051220142968,0
35.5902836640208,66.99901887124429,145.97319882382675,2.945047491211879,0
18.83346676208757,77.79223745857058,137.5429139293425,4.0894985369333705,0
21.552931858057757,58.891341090753,463.85072777463694,4.436289031881937,0
35.534100145505704,37.038491337743665,367.68010517523135,4.226985313387015,0
19.50766015468833,37.511147532153025,431.7147197267022,5.741961888196814,0
15.084782400582775,71.13391723373829,451.5915601129069,4.483234338141901,0
26.704037873750504,55.818353693967765,328.70894081932886,4.209969587107231,0
38.08464322482343,42.0314836020202,306.9785407020165,3.78298295671463,0
30.88089390024919,59.49567280448621,272.17096412839607,3.664956005622374,0
27.101835102680948,33.85253622450804,226.77863511644773,5.370411043390055,0
12.915294813123056,64.91828411486392,273.8383843434847,5.188717928601013,0
28.45021680097509,46.13960426610586,409.55186229206254,4.438446244305135,0
39.7016155031279,77.85354603823129,340.76937240605264,1.7963917753695924,0
14.202520457095721,48.621717535414426,457.0093159819384,5.691652761537768,0
25.5498895709121,57.31320894490807,277.35200575167505,4.301998589911712,0
36.32119215783867,30.697232394486036,342.8358314875016,4.49018333300433,0
32.22305853262613,34.34681326767353,352.5230212367955,4.707830462116915,0
30.91047222985804,53.549613384401084,336.67886492253024,3.8947932428716117,0
31.07452251961328,58.796330083027414,381.05350923420656,3.571677734653095,0
20.784734536592655,66.00123288715822,194.97338734992252,4.4264915146329,0
18.8077553279348,47.499754722558194,304.94551101831627,5.439291220060293,0
34.28083466435541,71.69891316759255,141.68992112333908,2.845280954061492,0
34.30340184037542,81.60734383135227,253.80453105792503,2.235488093336919,0
36.01216955740311,76.791059333601,295.06682744850576,2.2641632501311326,0
37.397216576694134,32.37712952090143,360.889703818189,4.280532162467327,0
25.340271965828133,58.830416835469734,480.2124210344814,4.044239540609217,0
25.045488840615988,36.29581070509049,340.26042661934235,5.340400154064534,0
33.948855369003255,44.522700951751645,397.4375664706239,3.9815418490414674,0
29.498917923332954,89.19975559602878,302.5064237980811,2.2876140040671844,0
31.0590063177311,38.5497325740908,353.6416125505325,4.612971126971817,0
33.873780083083034,59.933289207081366,128.37288645350938,3.4875846448841186,0
36.70016025452699,67.08934405908715,201.7566323367388,2.773760139256204,0
20.139854705546075,72.14789823264624,244.74123728205547,4.133878380531025,0
21.26748857919832,63.578921009214845,288.9973420026054,4.40530774961682,0
12.819458195226069,30.58625084515102,118.25949820095349,7.070482140018888,0
27.34840422988522,49.58767849463951,156.00963902132708,4.629766013258175,0
11.078268213902263,61.06269860308269,210.72572311652232,5.628312525339116,0
23.967940543973803,35.27198994869,488.6130763604203,5.350993371807699,0
26.2793390412273,51.037615872550845,232.5388028412203,4.587646499408508,0
18.596237563848533,31.992186527481994,292.816423244833,6.247950493996214,0
27.724997817070324,34.71470982930124,178.43908509535717,5.313325641732548,0
10.915007498171484,53.815396572095764,344.3120284303073,5.873417393147756,0
11.120445662476433,37.96294524258362,212.27328620638974,6.777534885416785,0
34.67801681978975,64.05245089569348,182.7970313753707,3.146778741860981,0
20.805719242337886,71.36789814823595,306.62905137839164,4.044404116976023,0
13.811815379556544,78.03520194654497,102.20231966416833,4.614856045052929,0
25.667297801644132,42.009014654688606,103.06561305969014,5.229753874041466,0
33.09980659295832,40.04895493554419,187.6275236407431,4.499944070286214,0
16.474630824905297,36.274070420064014,114.68854500032846,6.4241448515059405,0
28.686714274570008,68.1858149726182,143.21030165227654,3.5788275222598127,0
12.560423949813039,72.38854358921407,235.54425973550065,4.888986165822492,0
11.55045163505823,31.895168689538522,421.03427183192514,6.829162130185326,0
25.94063894704444,86.17273477462139,328.81945734772034,2.768479909216765,0
26.219053648303195,33.118277019088346,305.06709038256656,5.417113693832697,0
29.122897044946196,62.47778011806423,217.39552928324866,3.7464257603189193,0
31.782740011679845,72.54363116705498,472.70148777312653,2.7218429527061394,0
39.275562383876036,82.25814742476513,258.80601649487664,1.7007303738792636,0
25.48901044903586,72.84521592794567,134.8371067183086,3.674001051980821,0
19.688694188237378,78.10368498418751,346.8266064471205,3.7791197255197666,0
33.85558584306111,50.367011552568364,145.53535739064057,3.950555480674831,0
18.124967537862226,78.88950682479074,238.08925712067685,4.004938647853563,0
23.169142621169083,34.806890783080505,302.9647754871236,5.639776423241943,0
12.35369144026798,83.68899936363167,449.68900987407034,4.130491877917548,0
10.760522302463725,62.85554256922418,297.41863213604745,5.483752009156371,0
38.87945244033775,79.03786619774962,380.9035064126657,1.7792579396660777,0
35.079403615366175,57.13909707109801,497.12673559962815,3.1379780493088534,0
30.87922618281094,68.6146617117915,152.59564795919266,3.328748648170138,0
22.268588332428095,61.58415965616679,209.89261020780782,4.4840405737410425,0
15.198829602125373,73.89537130531991,257.83043023905856,4.527518044282408,0
14.69311128013258,34.897798921835374,268.73127141553255,6.51706765447944,0
17.50728694493786,33.62112503943383,264.4084301062183,6.303806623428304,0
26.476799941183614,44.82619404060878,463.04440102262197,4.6479659028285765,0
31.43787768100187,39.5726808067913,385.61305778674256,4.491965133773506,0
29.80592130153194,82.3070139955321,343.1620856362815,2.5608950844339198,0
18.398016908378285,43.15283924148266,223.74908714511284,5.778807259942925,0
38.64595841989582,88.55191534914788,429.5161536885179,1.278292236864507,0
32.13690750087305,50.213747506266415,482.0242045939956,3.7935976700053775,0
26.63062157534202,40.927074941321955,428.4793130200906,4.862104782379609,0
28.351622387030567,77.38191042854875,100.62604207658916,3.195116197792916,0
22.588001872833697,69.52246653005257,354.56054807336284,3.9105159381406382,0
17.431929685034724,59.89174298718834,120.45415257684029,5.1417657295602694,0
20.679180359537845,63.321813056257874,203.04288813348876,4.562948423099833,0
32.735383313931074,73.15210669633584,123.80988013910867,2.945046453650992,0
10.431804658892677,43.70728447987793,341.51818117975506,6.42993712893708,0
13.482179215207488,89.78003496340452,374.6359653970427,3.7881443649119824,0
11.380079260652582,88.487589728807,145.79505522636205,4.29181753226803,0
11.221864069569104,69.01954118081622,253.5355532179918,5.173300980784287,0
35.66381752033021,41.972547055748706,282.49460358221677,4.052496291597326,0
31.109735781400712,70.81369454587748,247.62120870436664,3.1007204858616877,0
24.225214872619755,34.33190453875055,148.4100001940772,5.7124732856064195,0
12.935024819530044,31.839150132348365,267.57911607499017,6.846960895354587,0
24.74847625350497,45.46097331067282,400.47121912336723,4.851632489992494,0
24.204153123416972,57.75737740435898,128.4030658133022,4.563312751627052,0
15.196056097300456,82.09635032450282,132.07200563276137,4.243504868412051,0
23.01554947713919,73.63014418597848,241.9085167343937,3.7750293262527634,0
21.955142031921206,74.56239127199886,476.69028464757,3.5996759485603667,0
28.475502941566493,55.52960006688452,367.42905868916563,4.008540643809959,0
29.052809526029314,50.75609955281777,371.4679826690259,4.185446087087154,0
11.359120293161336,52.262325779076164,244.767996335146,6.006203685394912,0
21.238378438794136,89.25897382416346,337.46431648341536,3.075749148428998,0
28.77579747142709,32.406551484748945,104.05247361109735,5.398040205008746,0
25.094087757402633,82.02188976734692,354.43841856381687,3.0350583173285735,0
35.69469523564967,64.7205245143436,465.3147790304947,2.7291894716873584,0
29.76080894856835,56.31692515137543,345.0293873379277,3.863043460236465,0
14.88803281244289,73.51545962490819,449.479437386538,4.3859443001237635,0
12.117062422012896,59.200136485482176,389.5892221864375,5.438697711338165,0
29.27257834618947,82.40539428489964,148.2233665614761,2.804249084574594,0
10.795339316248654,84.04211184067552,460.9813229143367,4.257379153427022,0
27.5732674382039,55.30325561240733,126.57753774230996,4.350932937816934,0
38.20690724274873,46.60966783410309,313.58698901910554,3.535238895000867,0
27.26422533627637,65.54101971560173,156.85484951738306,3.8396716310748937,0
21.645097786195656,84.74180073700145,104.68264429236163,3.4937175402380003,0
29.298646553270594,42.63973134033999,268.8137040510556,4.669335073604886,0
23.7475867147455,67.37799501380897,218.01628306166248,4.038325294773339,0
26.36850367947805,67.89361320555123,294.40019751904117,3.674068774255592,0
38.24394426329576,73.98678134491686,330.8799546938203,2.145386551730761,0
21.58307913402323,37.894061107635586,117.49562892357895,5.829493402292319,0
38.83571691471742,72.94949788092532,149.20131804949824,2.3197520964324925,0
37.160519258681916,84.54195123993847,323.4569585801702,1.7333935535547145,0
15.873734043678894,40.78098653221452,237.2669412690633,6.136310327752321,0
12.080839026254964,44.25259949543266,391.6693950197792,6.187616727583091,0
13.0233400413228,88.28370564249838,360.9166594367759,3.922564054306025,0
10.546654769546493,40.85861716256939,438.2417451959627,6.464161919720919,0
12.83328882267785,81.26310560217475,376.9971306676901,4.2765187069557875,0
30.490203202490704,59.53667138688209,271.97243095605927,3.702173679450765,0
12.13565945380687,44.833864464190626,369.18664895777295,6.175554182452009,0
19.569268908812838,82.24499407635068,210.15246970216742,3.7206709355990144,0
35.34625932908364,56.71831530015993,222.52539951128506,3.406932902572354,0
10.698158072074776,60.88904123578141,415.5940639683173,5.470138067035134,0
34.43405447766807,51.55400216398594,278.5678065606329,3.700326637473263,0
18.455643243201997,65.57705108609565,419.352136207341,4.456230985167676,0
13.544944828649687,39.81143235510137,428.96894946731135,6.225964949912651,0
30.902114960924518,53.46489219910564,443.0249350645135,3.793518958887753,0
28.86828540339652,88.16473934011725,466.6540943364829,2.238280398318003,0
36.32416040581159,45.48800596206765,272.3940882053185,3.8207895731101393,0
32.05213131411657,69.40419987247753,227.54672732845552,3.0970301476360103,0
34.10442791154546,49.511403853481696,332.87949863764555,3.781107517533723,0
18.461037177139197,76.40838754119605,248.46896937505102,4.085007935851226,0
15.323186313391684,37.85241964310099,340.4296667200932,6.234630719785688,0
32.51844254922575,88.18926270471269,382.2343450575298,1.9564582647842599,0
34.20504217801792,57.22737248301836,375.3620073968547,3.3427651506504352,0
39.7151542600202,44.16302780078784,249.82115480804853,3.5705120291505397,0
22.378530307342793,34.409804839800756,166.7440806795011,5.874912646596182,0
21.160542573783495,40.18547430525244,272.211735384883,5.602460291974145,0
33.29238882225991,61.186436913361064,157.0376576327635,3.454401614473192,0
20.224106207590538,50.22019058587718,456.0388140735233,5.010541035873564,0
37.922719768106944,79.73300195295657,238.35098429514295,1.9827269412463338,0
35.75238255529035,55.85325141970836,161.78389888932952,3.4703152745962162,0
22.86982082125055,44.92285635525779,110.17910396230035,5.356695996149755,0
32.52613203374492,67.0286991962418,358.3289545145937,3.037622882298823,0
32.63628622254047,72.40663301312675,354.7609269818973,2.7612788001077178,0
13.093716065077977,40.02251447405699,236.24166663251665,6.453261003156836,0
37.076587200386996,40.05715297729906,128.6847555390604,4.160798875557287,0
25.157571173435713,32.20028561601258,263.8515579580928,5.6103770438977065,0
34.79372398323225,74.18412090393844,224.48699802535742,2.5869345584544963,0
19.601488030918354,69.8282716573083,370.8482558940037,4.1775893581487455,0
36.86569685488601,58.477852544988835,342.31169978107613,3.0472259874808802,0
21.676050362024895,80.65022693815183,245.837491279016,3.5540461256109026,0
10.32512954440895,78.34020917700319,187.15702170199603,4.863319565006949,0
37.16145929257791,65.12126186380513,495.21438646223675,2.5325765910897147,0
12.738600303584008,82.09627683079552,281.6006484784459,4.339725479623377,0
19.579409127712445,42.350472602206096,375.30969431209485,5.549225762806356,0
38.50185901152415,36.71517716386367,156.2211870313443,4.157834053623057,0
38.51821440812668,46.18497669101937,294.2358798637591,3.5446938447726044,0
27.203136643698585,33.42521136535889,111.0146879477862,5.497411079414411,0
28.95511636509398,61.87017168006192,302.18204716417995,3.708797732323325,0
23.453365659349593,86.19634153769769,485.6069628470809,2.859239394333075,0
18.796323150941937,32.36061244011058,253.6826851943201,6.248654377705957,0
19.85993636109748,37.32659484060161,115.59840502996464,6.032078216830207,0
30.175553682311154,57.13194169700611,112.38231636773742,4.013465230550841,0
32.5712358831304,86.0325010516743,255.19470397874778,2.1860566551244967,0
33.74737131177545,48.96936629860503,164.00997458527763,4.012784579306925,0
33.68854428383662,60.43408852130355,109.34083853127436,3.5001003070198866,0
12.736183091460711,32.494371543023526,402.48544558007075,6.699177668122681,0
24.832609141077445,38.90059205772533,283.40920355275625,5.288300279453232,0
11.726762800499328,89.19780737753081,215.6979087890618,4.1517354422844654,0
26.485866469712064,87.90712178616273,460.0332732065923,2.4960239905140646,0
23.24591504120131,30.296398856064577,146.45558408021026,6.01413296899643,0
36.63112548274899,87.10870712539435,482.3675315821277,1.4990845638732555,0
20.52745037656236,68.34719626893002,225.58668695094113,4.304308461946321,0
13.512010492828175,82.07509767120132,455.3614689234725,4.089682598233644,0
14.289750461585076,57.28439133803155,341.17715059178465,5.3656282363481305,0
32.84531895152416,60.93576171475502,430.68294389659496,3.2379970752132374,0
28.54654189948783,59.33079481541521,493.6052652841857,3.6852008039962705,0
13.033680283683708,70.01185545276627,215.3621751274983,4.980677023865818,0
12.523204183449923,38.379075285378775,484.4541941630372,6.344271623223031,0
31.0290739437736,31.798415392360678,255.79275796096815,5.051379078043638,0
12.182890190925805,48.47579649547146,254.20476189476892,6.103716394239077,0
34.65580177871068,72.2808457641988,236.15484170180227,2.6842226922171886,0
31.187266814694887,42.1112071273769,316.56304293903406,4.459149919222632,0
12.440463419256993,70.40594599949503,161.65801727139484,5.073998340828154,0
12.545131422555757,88.19472276643623,321.4845941432045,4.014266125279408,0
39.59918735503526,35.6340429473651,316.6819249640016,3.9416971921642165,0
21.22812387268361,70.35612709350758,404.760725041948,3.954620533014312,0
21.11926441200673,56.62501315827427,433.45998477503423,4.62336291611058,0
34.383987017725076,82.08853526265032,276.1765401249696,2.1809979949700065,0
38.41745732151576,40.628987366843155,220.9332997405975,3.9058715997656686,0
39.58003191468613,71.55755713356987,203.73395892683777,2.2603849929260544,0
32.60134555776825,80.28691737888661,177.84953468194877,2.547670040596895,0
21.287787565927474,86.6768531684414,123.05903287960996,3.4143195521055727,0
12.505021500960062,70.99488169737876,236.97919153388534,4.96277457350117,0
33.3144074778231,59.83048584050564,208.09907685231332,3.4689358833400936,0
26.752127492074152,67.07083441207283,486.56695434656297,3.4846785758423806,0
22.726660277409287,82.1342990687231,323.08353050001756,3.2975354883228984,0
37.19063155284208,64.23658479832977,238.910815612203,2.8301967891870996,0
13.33592446918454,31.82322358181021,332.1870403974784,6.743059333593557,0
24.778753128725775,85.85692173041866,155.6786805382782,3.0735999200682107,0
10.340609343022573,71.37160506189366,277.61749968088117,5.119741312922178,0
24.05981925982379,70.59080314663478,350.4937285684255,3.713984188117456,0
11.689098270455121,42.94050914386303,295.55913271698057,6.388505583044356,0
13.564537488042157,69.53312821395943,260.7115202617297,4.906178320236083,0
13.525787403313146,53.63186433924951,497.53935555987925,5.46828868714633,0
29.476309063481906,69.07397862248953,452.1259048595708,3.1465442576677614,0
32.3813463779627,36.39558181847944,349.36238326377605,4.592723888015981,0
27.50106295291479,69.47071827618217,327.75094447291315,3.4486068464264994,0
38.86517645423626,89.96482354623998,348.2641919298336,1.2669769853345407,0
21.246117385711123,32.892722331633365,180.52484312897332,6.050227301718246,0
18.57136258845582,88.63045105327905,258.05509730572743,3.4532860911847383,0
36.057973845683804,54.41447764337224,115.78381315635973,3.5576949201066475,0
16.70787515558358,82.24520702023554,290.21841499473067,3.926733718435135,0
38.89667618321834,76.94312904349641,317.20983358306523,1.94596609592028,0
10.36463424069449,64.02097565920008,191.09989444128382,5.571387898529263,0
39.09636480122917,74.30695255507959,485.6115388662055,1.8894043532568965,0
11.294797358517283,82.71093367808086,463.7818443748968,4.271191735869331,0
36.73429341094213,54.24841929906198,388.85729418236235,3.225292399770326,0
25.831033272588996,49.62198969379432,313.35465150614505,4.622442536545238,0
39.78894388357901,70.05560313381508,447.98766385907396,2.070337791092271,0
12.213896942061966,78.47075651647552,152.26093752938516,4.702811542440642,0
26.615628532039622,75.73710808659695,416.203917709954,3.1353778247562367,0
39.079076068572974,77.86881893151806,149.92832558673933,2.0487231209800605,0
25.692935325104465,56.13499888877598,417.68426501976217,4.206272258030992,0
28.881959144057877,79.0700529705013,210.30702730054279,2.9479944097686044,0
30.872460669538516,37.212543322236506,450.8362324072756,4.601290534527047,0
23.636231943033195,62.669345877650976,477.61683753015916,4.025292674283972,0
28.8267424025219,30.345519629887296,159.51838776204625,5.440531390491399,0
27.529429357693008,49.47514979401622,285.0702420261574,4.488229332503731,0
37.034740314729675,51.98769209228387,492.39495126507404,3.204746412647764,0
11.363391410243736,53.770361496555324,293.3629743892586,5.881779809758601,0
18.42889568776691,71.72803240139173,445.41900900581805,4.125289802147904,0
38.51234452229676,53.31348607622074,335.49260885252795,3.1475986351067586,0
36.70791351672749,56.921617357351835,250.13196316784075,3.232995817291818,0
23.669702583571386,44.252647852459646,214.31342221034808,5.206083926809531,0
28.603977934046103,52.39510749776041,181.2892364344349,4.338557595272934,0
18.32143548943398,43.63617763578909,404.7192765510789,5.581328292716068,0
15.64363479171284,34.39175542610662,254.61620272921115,6.461432546794173,0
23.910952148199463,66.20691560288267,304.51018488030047,3.9940488201556192,0
20.600566840781585,70.09276791330097,296.93019200047274,4.138374728256319,0
27.509683355526164,67.16942076057687,330.9116116932525,3.559649014725286,0
12.332039108949544,57.80964262803434,446.23085824982087,5.4300830994535065,0
39.23184422998499,52.78714681075379,492.29573743337176,2.94516249903044,0
39.586322334388086,81.80001897430952,263.0336834295268,1.6883331344161885,0
30.944851420592354,61.144907108173086,431.0075688425212,3.4172619336895895,0
26.082890990323612,58.75091265778386,405.81111786188706,4.048354150216558,0
19.285828488589832,31.538523948386143,329.4115805822293,6.165079373139481,0
34.41385059120846,50.474869657569386,482.41885744477327,3.5524526005559123,0
30.541935176616377,52.811737127151424,180.18980621136112,4.12502981976943,0
14.878508180346738,53.92936685381403,143.70568412384856,5.6719751551507755,0
37.32781553481527,64.81034215363994,441.58478678216886,2.5851165520543065,0
34.67611728769507,62.016152803612705,275.6599266534993,3.155920704396359,0
38.49399739875772,66.47430556760668,438.7875416828242,2.3880974400610695,0
31.771585251650798,75.8929956925277,457.23608207816596,2.5709556081303697,0
28.402455878073695,78.7791443229656,124.98303744762858,3.0958141585967214,0
22.547291088718566,73.08738457358967,453.38590519442425,3.637515757254236,0
37.9818545006204,87.33142175729608,279.32762214776886,1.5559158399253867,0
35.98191668501225,31.093954960581698,304.1729956016929,4.542937587867996,0
11.356560103185682,41.74667914101276,350.6370044372841,6.42637302819351,0
10.79100923491756,30.453772498688526,470.5530426920347,6.927657408881783,0
21.293901006341486,68.84848284927618,107.64643777190561,4.320539319130137,0
34.31659992345499,83.88183293699922,290.73738732712684,2.083510973477413,0
39.618283879448335,44.608937794577955,375.08881697222427,3.4326359053540445,0
14.512506733105845,85.6220726877784,389.0827830792914,3.8785629092212046,0
27.823921460564055,33.61604341737365,377.0129726148432,5.159792710460068,0
21.426725698930646,86.06616160833086,153.77405176324874,3.4002452979271434,0
39.09743193443809,51.09736123437806,219.75823534867249,3.3156305094886154,0
35.263567694071256,36.08524970695299,243.4862101668054,4.4258945350784185,0
35.149861141334135,59.15230555117954,421.774883071802,3.105623725235807,0
24.06079479384911,45.40659406323048,211.50394896582122,5.1120868684877445,0
22.444585070129953,47.092374117715366,184.28198554688126,5.216640801554355,0
18.20221215792119,48.43739789557719,482.97920761523847,5.274929681813783,0
11.691264899527813,78.1815538699598,103.54531404538756,4.818250502503841,0
35.9416712876516,62.34967660051527,499.12834227279126,2.789220698936284,0
34.387030273902326,48.67846194936022,370.7285195429582,3.756645355598798,0
39.991530198583916,66.6200269986551,431.38771977964683,2.238457910429206,0
39.89910511221716,72.96904045339161,217.84775853847725,2.1437897075702264,0
26.662951168078823,46.35744004401202,105.72611106682399,4.910106769924692,0
33.06962245541531,54.81294609152109,395.14780742461204,3.557242642457801,0
38.34297189647284,37.313165600216855,433.6578388002703,3.866386691541603,0
35.48942172032234,40.86896097208082,396.19045278140766,4.011419326582317,0
17.42044305229593,70.86707123789897,157.14011492033544,4.557462017955123,0
23.516324059302804,40.88630086173762,401.37116890278764,5.202681382080051,0
13.87478245454485,61.50980302002361,407.5691128430564,5.129462490701278,0
38.621530817761666,72.54277570334597,363.41620626802194,2.1472919267885118,0
28.1852390335264,36.41261538568463,406.4463731182345,4.954398954244893,0
16.85928416510388,64.03873317773422,438.36857587109284,4.673766348731808,0
30.151020532175703,45.393767022081825,345.4416456949834,4.3697679499833555,0
28.543847213736875,87.77561251425479,135.44188558787164,2.621392767325701,0
20.744881540985215,59.01273880319548,295.0511238668844,4.679823781874819,0
13.40672776598887,78.35955298650948,131.059733868642,4.610289840206996,0
30.14719586778399,63.01359252937571,263.0172124129723,3.5715835743398436,0
25.6092310271138,32.60475197128915,262.84259565025104,5.545996703073912,0
33.16955175206918,67.98908253564134,126.40393765609663,3.157186760354918,0
25.604905033359803,87.08420053239942,239.52821358779173,2.8457712564562563,0
35.5654450095562,66.09670920877987,144.39923951652594,2.9942207990888603,0
26.557205163234567,79.15133156560742,423.29408400368885,2.963418821392483,0
26.828139146061588,83.05238780090447,479.0752103857883,2.6854914849628297,0
36.29960807975035,43.68478631693595,128.92659010317544,4.0568732860749925,0
22.104485986371913,42.7226903944936,482.0460829166806,5.171370798721448,0
14.02045685351922,66.6588593310595,309.03063973469807,4.955980708360404,0
10.863480289400169,54.66170818840229,219.82627118154954,5.960740290458319,0
32.65411767020857,80.39167817200322,130.74483011046541,2.5842594942685153,0
28.60928654060394,84.00138740388067,300.24970722816715,2.638752268517405,0
31.122393042976707,51.20528275816309,417.80621779629945,3.9096903399978755,0
16.388924845267322,44.21223353846892,382.83459090667924,5.767661247643142,0
14.091144267603093,76.83153091463171,120.09040458558951,4.629218622922515,0
10.436339970036459,46.48836213288817,129.1607341471614,6.502787162204784,0
20.51762676419791,79.3568591108207,261.1493130530548,3.7192450549861196,0
27.697530605638992,55.42429521892577,218.1161976191773,4.240915980870635,0
21.76732135299197,70.05299395748823,192.95372922241913,4.127664437603972,0
23.124247660711873,35.73211883008009,212.40179956348544,5.688567492861322,0
37.12476083481245,67.43155948059439,421.39309731875386,2.494552845170281,0
20.44766401069901,57.10606072423374,471.69122145274156,4.62823934126567,0
25.419684674794325,65.19650779052844,262.0410778110266,3.9361650651831184,0
33.50959038223429,40.0808524646918,462.44440085299885,4.182553937688981,0
21.896283469638107,74.21242469665093,228.5982804991528,3.87115213770449,0
28.662601006836205,81.7678246525937,290.57479453751665,2.754773872149177,0
35.87091126240236,43.00438800544654,190.4115991263999,4.072277874361037,0
38.485618709729266,35.7428733312097,356.1904168703376,4.00810404559625,0
14.412204427871139,31.418315162780182,491.59244606992354,6.496271353003953,0
37.79762875484484,68.51829002659596,341.39723841735145,2.452925384768366,0
24.763488792386145,66.42564216532685,243.12563364541955,3.9592433788496226,0
17.74733164896875,62.8018447628442,359.12697839621137,4.726047618564704,0
23.77407268714784,43.916825766958524,149.16827138615503,5.277583171551135,0
39.40097725856431,53.45435975433088,455.4636321061595,2.9317206543208654,0
24.77854281978609,65.66858011117039,301.23358031193453,3.9374831321509367,0
19.862548308625247,59.80601153155016,279.7398968158568,4.7437046957441105,0
29.002025629501773,89.26713121289325,334.3459153814077,2.3020949610237524,0
17.204368563345792,38.18638515340399,349.913545115761,6.02033034087946,0
12.275899843259918,71.70867324285562,128.71032249060522,5.058266031040622,0
13.866391657319477,54.259126086257524,373.046888489361,5.527357641465815,0
13.841375168733173,55.69197689553688,196.77267212621183,5.634490966223627,0
14.55708080536883,73.05586593949057,385.58105300263594,4.505917569485952,0
14.164815179482304,71.54616907946217,429.0139177536787,4.577196110324982,0
29.226242344096438,89.4753596221313,421.5834030210081,2.182024381462784,0
15.456402531974344,37.703657367247516,321.0003869631556,6.248176491477034,0
20.370018499715897,36.246578963049984,308.06795692430046,5.842601244951611,0
36.90365229718036,73.46032902772447,157.1503845357647,2.4794679343599757,0
24.218849207886173,64.70321502038455,410.1384601612542,3.932815868030901,0
30.026732155630814,46.44963999358835,208.56375217868575,4.466281032578815,0
15.169596136048895,34.765162139339196,298.67816912717865,6.446104110300972,0
15.768670564260123,35.13949497578583,213.70963717100668,6.452448557613689,0
11.226058487994365,83.6514524798471,153.53134519987725,4.541290182008331,0
15.068051892164936,41.512039483124575,351.8230787566946,6.065769757870584,0
18.35771017095876,49.40229372693125,121.73281392916152,5.5723814826284,0
15.310314528302404,43.59938413361928,399.45809365048,5.8895412468383155,0
12.661076012711668,51.29977834991624,227.03471810444665,5.941868763128574,0
13.619076133018025,34.1654305647656,100.05387720179412,6.829766981258123,0
23.823363040981775,61.14358745449622,304.4516556948919,4.25603266748212,0
16.190011552173775,34.05675381553289,118.74076341104126,6.559420390594937,0
20.928095831442263,78.0213904693417,210.46782312835978,3.795653070260329,0
25.10251812564571,44.02272491462598,382.79059498228645,4.905821346721843,0
30.71184485888096,62.400714876270634,125.07584864874634,3.6837039216496255,0
11.179364195232967,82.80474525368749,435.73539694240094,4.306090920849928,0
33.98231196727128,69.05264214283164,101.52796906343325,3.047608727067857,0
28.837011684727234,61.977467193080116,198.7295476807609,3.818695924192509,0
12.452770958466157,49.460025186922536,396.3616224608286,5.885360022346429,0
36.20735872320331,49.98011478349187,226.50805989172272,3.653750328613352,0
37.626172015954396,70.1692173118914,140.7569552264054,2.5881649775835855,0
11.832338795645912,89.64836167327005,244.09356752017115,4.090254469251735,0
18.30632944441611,69.71035139096271,208.1573145538102,4.475692171456442,0
34.18603839379184,63.46700504220149,437.08476086422195,2.97096114764652,0
32.447790711509754,73.83903061435477,225.33916703405725,2.8379302310972285,0
15.53563058069132,57.91233673702309,415.5729887104029,5.13524711636931,0
16.28047970010131,33.60854055604711,456.7488579242939,6.234776144263219,0
21.11416308374146,63.73780895267459,273.52696783061185,4.428166276161513,0
24.53568955573064,87.45751707032281,463.9772575417568,2.7095779333690384,0
28.54764314590888,40.51817654145958,250.92722158527715,4.868399636750856,0
21.067409187093173,71.40029344923994,485.6313665960433,3.8376130422326424,0
23.876041483994435,42.05602131954339,135.7158098102292,5.373878975813158,0
32.4241281440127,62.14966106838487,374.80770660129707,3.2752964255781887,0
11.100496086717937,35.800586978803175,297.5256161827715,6.802395426205276,0
17.573108330320622,57.02225617549111,255.05952218225883,5.136516836011124,0
31.400487576536573,75.36979973371476,353.08475149944036,2.738376504161164,0
36.856205130615976,50.85429145433892,381.5428366537325,3.3901220775677237,0
25.35032326346998,69.89470346923308,101.74530786012363,3.868487192331224,0
25.96340455795947,77.72699764738375,166.78123549887948,3.350528426335986,0
13.215160340193282,85.63066916876716,385.21842025372746,4.0117320872885855,0
23.42237100470364,44.078524911327214,366.55416543128257,5.087282488531993,0
25.978517993650694,53.958954948558485,486.4190020514709,4.217781451155536,0
17.27411510904189,39.14496079982504,404.4151161003132,5.910925333004245,0
18.07729692848143,89.5490101295025,480.3090830925352,3.234510717584196,0
21.31852489313868,85.62005807545772,381.01620061392276,3.2061284062993236,0
10.602135933331791,62.39742781683358,219.22088345577725,5.600694132369365,0
19.66237496749535,80.52199766258528,142.14596890034258,3.865516651220858,0
16.34344020989634,61.25747863632253,412.72954533797423,4.890052501856265,0
19.82492056533744,67.41514128016559,357.6596885903664,4.289091190867611,0
13.592863954577536,35.34746592696099,119.2744049573185,6.754065903236878,0
36.71581842219685,75.31622522980848,244.02018636039134,2.3185867099295,0
27.80777360662146,37.66280901811409,482.71992619371446,4.853362262238435,0
30.37306957433469,79.5640578151517,300.1604582840805,2.684329693524865,0
33.67513715822015,76.92168526022316,273.09165440788183,2.5133103667589447,0
24.95326596787172,72.52468186457858,283.0798420637176,3.595359467920181,0
12.607608642622711,32.169622831485725,183.55308960206548,6.947204904561376,0
26.113196254556435,48.187701356719714,247.4828683459181,4.731812438362452,0
27.605233540626372,45.78675419465057,247.92530239487064,4.702213633809963,0
32.3631842255299,51.60818444829114,120.94200807498896,4.062330346957463,0
22.94978638689038,35.25856480583031,407.0270514071673,5.535066069612279,0
13.827409083866913,86.21746938186376,266.6017727615516,4.039783849758569,0
18.513277173961733,63.22813444274258,428.8719547265693,4.558393605740129,0
20.892468891959055,48.33145863948141,440.13920044795816,5.054040978382066,0
29.377517239948038,53.818891024457,184.79762187946324,4.186506102902882,0
27.123349140067358,56.83215243029014,362.9413928680514,4.083116071610706,0
20.68290177693539,66.03566000163704,288.9127216651927,4.341014100559417,0
39.59545746378939,60.94076566178987,452.062695168594,2.5413532753629724,0
28.173244580706616,85.16351839286504,186.29627167058163,2.738203350615504,0
17.116803752079832,59.817808974349816,371.1252801240177,4.926303895950508,0
13.053474178612113,89.52948088939877,343.100848901089,3.875077688767761,0
14.585774175529961,81.08549746470575,218.12059102873312,4.269027118182982,0
17.378731851535242,42.51063086144015,154.64036146046905,5.981954910313999,0
14.820441197786671,85.83571287863498,360.65590419091063,3.865514332098673,0
15.597010721539172,36.98198387312856,395.4389832529323,6.1957607509367225,0
18.55285506081541,79.04698250947149,226.25093750534,3.9661144309395437,0
15.201207858842645,52.837397608594806,357.9330416089255,5.48007629207707,0
36.90296273879275,82.67845922670418,258.0523630446013,1.9177284017409146,0
12.407012369849266,82.08340140644702,385.28275331304707,4.2698459393796755,0
25.735341687107642,78.35552400705727,179.68610995762123,3.329003520978751,0
22.311904809689846,77.40182617842368,456.08600105446976,3.442632209055361,0
39.47135850725819,48.280748345882444,214.96383858623187,3.423862893393827,0
13.36116706504157,34.85515698307513,247.11439510246117,6.674011049239625,0
21.935667971372247,54.178810725909685,123.23678083213991,4.974255885735151,0
39.08411299826106,40.41147089919052,144.60488492851056,3.9264102702858574,0
35.96521377681941,71.69706533414771,306.34476108493124,2.512280594525741,0
34.512162128478394,50.76598359226713,207.0370706911886,3.8034475368476146,0
17.737084811348197,88.53661205159489,434.1920902968778,3.365268825988558,0
15.126627621701974,68.45832464071992,105.87735546198154,4.9585436503318245,0
30.05929659773293,79.34883381806165,251.6376194687745,2.7749910298548492,0
37.88127967382758,37.95148036451091,234.93821870763708,4.079359795684059,0
26.702886790417892,81.72086893635736,107.73105236704042,3.135936821773302,0
27.148380684096995,85.36543143080365,149.7473596002041,2.8671430004499134,0
18.399372809808526,59.22371512913615,265.4570699674541,4.933419892594886,0
33.084787995758106,66.37517626505866,297.1458337789786,3.075616553392278,0
15.6113124567257,75.88858805417973,261.71589890194764,4.382723452716496,0
19.71037709212731,40.49031763562475,312.37507136483754,5.6920713376411936,0
22.763093158492502,60.15396458780654,338.0526699622726,4.3779397847981505,0
25.228311360533652,53.919781666338785,103.96952845113425,4.67721025217856,0
17.272291972452408,38.782439529734944,285.63806378140157,6.04801076248661,0
13.445104742176106,52.05206533749188,485.3996963550353,5.56748656255276,0
28.318601273248976,34.09033856312961,307.6129120518195,5.156010032466802,0
18.65891659720767,31.54871441696922,371.0169069835813,6.18565571244719,0
27.437146642678368,38.109977349289366,224.7455431667533,5.126040925100941,0
14.63088145822607,87.78690669535044,409.596551261105,3.737969968148766,0
24.434203055644524,62.97177215370102,409.168592750446,3.9988224940000503,0
25.977682976547577,87.94932966919319,308.51841906165555,2.6962467998239266,0
11.554706104672807,55.94987269980792,490.4055293116854,5.556630225230638,0
20.098128345817617,48.70896798511558,150.22008590506135,5.4045186802573975,0
14.032440308169228,60.36851177041464,106.7790659558324,5.471551314706512,0
11.901249114183033,56.37070131797461,408.0632847028384,5.583276737980127,0
39.69880697169836,36.33988105570464,422.86221494595304,3.790263035098979,0
19.67061534924169,68.44957888141238,148.0828916482305,4.4623766293569815,0
34.29623337563905,42.96229095057598,206.23313318344242,4.216028981723854,0
17.639219642912916,67.17527729386978,107.02094534665156,4.770293225668567,0
30.44508166671788,69.01206554388921,217.3234443122259,3.287565111821526,0
32.80683579669059,39.12149118771889,409.2567495674686,4.353985111377527,0
27.869162218235328,33.680977626640086,307.18421108503156,5.221850685759431,0
24.14728565650475,76.84569516410639,239.23823726731524,3.5037484388768902,0
22.355227424418054,57.588025426159206,248.69571796253211,4.636380268287702,0
20.46604799628986,33.48982773032855,100.54145028618726,6.178362363568399,0
37.88587432743478,89.69197903018602,219.92021102609436,1.5068934047211275,0
34.918582233631874,33.466833659782,358.5834966551722,4.47621659699254,0
38.95080731999538,71.7021137315132,489.67777752654285,2.0301358038982595,0
13.728916704566341,89.02073551580482,438.8243307935598,3.7372472229595646,0
31.92602425610933,44.350806252955536,109.43798585821165,4.4804192758830785,0
38.150213704631135,38.53496212123177,459.4242418699357,3.798806281605362,0
15.436991984969804,37.283096365345735,413.2793653194504,6.178866617916282,0
11.994888021003325,48.196508854055736,412.15044942839216,5.978535305768489,0
32.23361947870177,36.0627486606388,283.1983036014286,4.690302315496454,0
27.234193395397355,71.52968050164792,259.2021171818011,3.4408945181960666,0
35.25486330274816,33.73750788780376,221.16629153327705,4.566471983801719,0
14.193171298788684,60.56532768898738,126.27794358174631,5.426138542090016,0
33.858019355796706,89.8018112311786,191.29414539747964,1.9328133574639192,0
16.048819601432335,78.83821617036114,198.64145399120986,4.254565777347499,0
14.909678285971136,66.91316629386066,293.63082788408065,4.869743028825773,0
14.927973937929789,48.3752172471967,398.9777626386776,5.689463981208508,0
34.43724160694146,67.43375017749831,289.5239313591786,2.8950643990717593,0
29.955916620886004,61.6224878346991,123.13777977886424,3.80014616639758,0
25.69196274307358,55.565003033422286,483.11592039528153,4.169437653626245,0
20.764914523705073,37.84262260441197,477.0897276376449,5.5542876897712485,0
36.31601622439325,83.196252914428,414.07581725936336,1.794509914579912,0
21.773353222679063,56.98707892927935,496.53116062568824,4.476779570642439,0
34.497983184147316,41.6773507092459,317.7929331201052,4.148541213002868,0
23.17404725710655,52.06556105263738,485.10734010128243,4.594209881556194,0
21.308332882747226,54.84778515173562,130.2420162467003,4.996535437891796,0
23.880393570088195,79.65227373401245,246.27229930454854,3.3830746569860093,0
19.04133622492426,74.01686283368412,190.15250720270632,4.204870728620662,0
32.428281405287535,76.15829361848039,178.33323365370802,2.770923944893518,0
25.081611702774374,30.661875865718834,156.32117955707042,5.80242385687955,0
16.96638085440452,54.96923989078569,348.9654566263987,5.205934463393865,0
36.987237198237054,58.88064909811942,412.528742298922,2.9447150829714017,0
21.516736641196342,31.151536609383403,331.3193597681443,5.959430145643051,0
26.306585833419657,45.58879252470206,158.78508383528387,4.931116706587648,0
37.19416332893641,75.6173893873281,424.44950797338834,2.0752646897665645,0
28.727139877419763,38.22658234373994,354.38188286549143,4.861575012205535,0
13.506941221250923,62.1186078871555,255.2662824507982,5.288109201066334,0
38.19496370840425,42.91211232103425,369.6521182144252,3.6652458948934363,0
28.831241592142536,30.727246478633596,203.96199169713316,5.376551525156933,0
20.047168439712586,44.472087455972485,238.0768833976842,5.533601899832433,0
14.178162179901618,88.55242529460322,466.9943372527961,3.6875681800268802,0
33.82075567810888,78.09222671297937,216.20180226856814,2.4971112942715745,0
28.602182677855406,87.574598659262,287.99530726317465,2.473056491988185,0
26.003832759289647,59.27124263558174,456.0564549584059,3.979998137333542,0
36.816777491528725,36.584171920650206,383.088540107011,4.106025114707606,0
33.65791633673592,62.87756933842158,124.88129046588111,3.365448608939447,0
14.550246391982535,57.26264007359765,158.92121771158813,5.522922139410276,0
19.351662033866447,80.66142496437695,103.13663630876673,3.9286259120857405,0
17.45467419443397,35.88495484705467,352.36871609166536,6.107916122112204,0
32.31838877718031,59.29446822130669,279.06937016416737,3.524368341052467,0
11.005973042073382,39.00291988163906,153.7099403609102,6.795546761349799,0
27.096690546139495,49.480555613403595,483.1736484227082,4.3331295162931625,0
32.87376057222072,74.24142464326798,311.86388957824795,2.6886888210362807,0
36.30296910285249,58.56108776212599,196.75731764515567,3.244891383963296,0
20.262452461477224,52.553297108746165,300.24142846188306,5.045848469953086,0
34.637719140160385,53.66857671420212,371.84813309404313,3.4809511171798118,0
13.318952108656216,57.5668061043592,130.49568718942578,5.659268796726992,0
35.39356875203555,77.10099263022342,209.8815260191568,2.3957119672661173,0
13.824659869959472,83.52508133641406,422.78619635359746,4.018493749829752,0
21.918618716811018,87.3200811902357,283.86594816106447,3.1582681206460483,0
33.91886097338661,77.2142031753177,318.63085681291795,2.428772887082536,0
14.497522820463214,48.924413744880766,273.1264008837877,5.8309006298258526,0
16.877541856979246,71.28808236519254,117.55997705720205,4.630281718985246,0
31.667577051791987,56.25618744332351,166.2999119280624,3.854133010726563,0
31.601096096382232,45.28023732276307,278.21665549675635,4.297661868726867,0
29.234428986558918,80.45229476555537,183.67418616317113,2.870268176903168,0
30.818453334013,32.3055809377395,119.9916114638715,5.182884008247854,0
26.281733300427884,84.1057195281254,437.4598656207295,2.7290808279302112,0
17.553971767208584,57.68864787748405,492.47701166564633,4.867693417739292,0
20.370879805117582,68.23208860849682,417.2571495986958,4.134050439464705,0
15.44793150404277,69.56123533234697,441.5139686818668,4.535631114296508,0
37.25351684000885,83.70706444239218,196.79085212681815,1.8925042417526878,0
27.501753842983614,68.20018093003245,484.2507902052799,3.3555647789947356,0
22.025542502909197,66.8360150856037,178.77028178137135,4.276874713647523,0
23.860174109323978,33.999122433641396,480.5719241447329,5.4334545432408,0
38.41850018835446,61.104481316712246,497.9277175863804,2.604998197742561,0
14.600542093482407,39.010140049022496,384.6891222984195,6.204749665902215,0
27.586894960503916,74.24602612328914,492.4574927167288,3.0365517050684216,0
25.17666036653398,60.73331524876047,327.81591182684144,4.117852289081736,0
28.343627063039435,70.8136667525012,203.81671327043614,3.42113724280056,0
10.543305514625215,32.50037403614306,274.79835426624834,7.045852392464077,0
36.16371726832455,35.087520962748194,337.42437415151437,4.291827850878621,0
37.96354847450837,72.97940328376094,129.232624810806,2.4254423635503093,0
26.953995507676268,34.325060159920405,348.9373058468984,5.239410135389455,0
30.899524716306768,34.27540366591552,492.4711347049178,4.703806210368629,0
37.67498143531887,30.726508514093247,176.04305991349105,4.52013337084996,0
31.21715902940196,87.39008389796881,417.0380465153533,2.09174185564601,0
14.57617128742784,74.25050156754043,463.15951751184775,4.366698275368346,0
27.288650805004394,51.19508451012385,477.48063712808835,4.23390005686528,0
28.201451391485676,47.792134877259315,484.0542417621789,4.306193875226287,0
22.72392013907158,50.982193784750976,308.58385548858877,4.869914441366705,0
32.09332706874169,76.47921187087091,490.9231631966015,2.475783536385684,0
38.03101044307044,69.68223666422486,402.92408285377553,2.3098630396279365,0
37.767055387203285,41.11173407204808,164.66857449478476,4.003039183182482,0
23.525181142123962,40.44656012004506,290.76004258718797,5.334393837198163,0
13.397141375222658,35.90373898280384,387.3324701488016,6.477766443188741,0
39.54523596887004,69.61816318208028,198.93612632763333,2.365632117681348,0
35.166942593378025,75.86235973330416,356.24607341955493,2.333941680577434,0
13.739880436098005,45.90278569950024,366.6401916186477,5.964232479796539,0
37.625256478521166,31.25669766185477,165.07989752342635,4.509559571531717,0
36.09689086186385,34.93030004858564,326.03412498110254,4.31776178640323,0
25.56514171378216,88.07160209070183,408.6507643914431,2.631254959695249,0
27.738263072347877,47.72668664864521,299.5582658143768,4.5402810945185745,0
21.970081116103906,76.15338887028801,104.84124671044297,3.890481198164766,0
11.64284916466094,67.47981413125584,103.61538763171687,5.358108989339398,0
20.05591724937703,52.91637837917375,242.81173758800486,5.105777618515605,0
34.085603457940344,42.341235731733306,470.4776273727128,4.003900240246587,0
10.138960690138086,37.283185089564384,191.47071184144352,6.930473964666529,0
20.004975150734325,66.900778082332,353.74547554867485,4.300718105261292,0
21.9450608077283,76.47802683826728,188.83034827732823,3.7927622290364766,0
26.121868088137685,68.63425521246785,228.66799586381944,3.7274324346990184,0
37.59566849238281,61.8181279949495,439.2168358405936,2.7103099151736503,0
20.390379830978837,32.517073405898174,391.54457690797875,5.943563769699229,0
20.40859605688683,88.10932665566303,138.15971092528426,3.415514350602881,0
32.125037443292456,77.92285149927447,271.48080839457344,2.619872872312458,0
23.566538226694213,47.56932220205788,111.66790545810579,5.153212161769579,0
16.73814468819946,88.79821976153104,292.3560586412036,3.5939184844622982,0
23.5731854839808,66.11289537817933,364.97360468042723,3.9720630780125257,0
14.225710611393996,64.94535949243479,147.40104943926062,5.1827599147995995,0
15.2916095951867,74.88439076577193,215.55397556366626,4.511065526629067,0
24.951033182184393,78.70618728540825,259.1346502008628,3.310452667310286,0
22.56776348513644,69.38871643989016,467.8124098624199,3.805975419629428,0
37.445377032043,37.685744781972005,497.30200616918563,3.873873051527914,0
20.871816973498994,50.296050359669906,117.96451959824634,5.280051265068359,0
27.417650508341303,85.685018419563,404.4031693981568,2.5695808587895623,0
28.96792863758591,43.476936710631115,248.68962656093728,4.6806706741489155,0
10.392833697650008,52.330021430250795,256.98327449179203,6.087232284230668,0
29.906121160501318,55.92461297665176,401.7059893388091,3.8114512457784713,0
15.341079006092542,56.36429938166713,467.3705728581635,5.180306557449225,0
38.832109524083656,66.77637494967152,480.37143780101934,2.297598862307039,0
14.459881832593389,86.58455026468246,330.84903441532833,3.8939352690912097,0
22.43872371181071,44.4415627099503,242.84846372020112,5.291201029601213,0
12.560490042359316,37.290082578055085,415.0196343435117,6.464427232517802,0
39.90622755537842,41.848229391596234,200.4005533049201,3.716565221577426,0
25.065850309937275,83.21549401255618,325.6296115334071,3.007010656845056,0
27.861550519601312,68.74864875931236,243.43138460994928,3.5329811254643007,0
12.012294321652824,47.15440735434961,362.65242948315046,6.078397770634087,0
32.498814111975335,78.95681633811704,196.15956515740277,2.606118206739212,0
16.297167792867572,81.68219978180616,176.6371782939303,4.109536053329005,0
36.94162868322141,80.79086032141669,467.2956346701748,1.7989984809368504,0
16.154189214460217,85.13559201837327,140.72147317981475,3.9870800044554997,0
15.720631619909998,45.134461210401696,302.38316309397266,5.868830614394942,0
11.096490035442846,75.3025157247767,188.34111318520357,4.936884097031676,0
24.162008353299978,57.632369836448404,115.57198533026698,4.586608687517314,0
26.945233997878493,80.5199131734037,114.40752731657055,3.165073414225395,0
11.97125918285057,73.70944062969679,170.08870884233093,4.947313341387772,0
33.26582850085032,76.58684678998347,446.7081418024001,2.397366668613394,0
23.598665042440828,69.36971026086428,212.99149759081067,3.9586564851218915,0
25.7317080798274,40.645726168182414,480.1836682301183,4.9143592153780205,0
23.222882408146845,62.7016151338163,332.6489171956774,4.209982085298823,0
22.02289182625978,89.0801843714705,274.6456759075064,3.06905592289299,0
26.789209939246536,86.24328398982713,332.03553386778185,2.6768792727162083,0
14.657207377921376,32.5904241478207,306.6793540905071,6.598078700726321,0
15.457843914858135,39.888888943766226,403.5105015029301,6.056260659822945,0
35.85356863040552,37.903726407273716,212.9984263891409,4.306458390206622,0
38.38346386400898,73.55879459911773,241.22015664012096,2.2424937270030947,0
21.199279488392587,79.0671197914167,457.6377210133003,3.469078340576605,0
18.122340194306613,42.81068197864032,478.5826052601622,5.56864927637716,0
29.319986297170473,60.351161577109735,457.0232909945898,3.593420000432876,0
22.26202513294289,80.44218168067201,267.77919758292546,3.4839092050891853,0
10.761590669810346,73.96809268597504,412.14620120275265,4.81329009751746,0
14.68457792098571,62.5342323295109,290.53429332043953,5.114296298105445,0
31.479166865421927,65.42086142752638,299.0159408584409,3.282024301223048,0
29.76771825730454,60.5016328149768,181.87204362291357,3.8162744898977916,0
10.812879775104506,47.85290707912924,336.45212130340656,6.189614547229681,0
16.659164857988483,63.90131957154097,174.45435910133918,4.9645631765227645,0
16.93224389764214,71.33311812300545,232.62587962687752,4.507493824458636,0
30.15678230796185,82.39937495164847,442.0120806479741,2.4223409409734176,0
10.591316132630924,68.1774812387549,182.8303236843421,5.34916400111482,0
13.123257459537214,75.66729222258948,128.46331406937313,4.775846328847431,0
33.99748256119568,39.60429809727438,127.60303704512651,4.492433801971586,0
15.356339861630008,57.693448465187394,476.31380820124315,5.103379782376386,0
29.58238323555624,30.559897189625598,302.7681751847339,5.210998641778362,0
17.145483431401797,44.80073187129738,263.7648287268073,5.7816502345681435,0
12.983241782780354,73.5877029067803,424.3514324031674,4.597939243979782,0
17.295165729983623,89.5085970809618,434.3303711642064,3.360723201789341,0
31.668007955669776,35.95068597523296,232.87641324624184,4.802788492425132,0
35.67089404318857,54.08965895167729,377.4472229895181,3.3509804251077604,0
34.90659593700975,78.00425812194956,408.4491263407546,2.200678373860792,0
21.915505888553646,42.24213807773393,361.86027474638183,5.334482232511556,0
30.042554097119385,63.30509695813718,160.63802992003974,3.6698517124611625,0
16.14952886247463,73.98427776178049,450.3532334068228,4.23547999225669,0
18.794431907830397,66.95912701561073,315.6378210944035,4.45696263734202,0
36.89007455563359,41.28148407692497,212.98897054800148,4.033929370042391,0
10.39005770532208,51.323074121144366,270.09127417507756,6.124749249235496,0
12.565255925634043,77.02750706912383,115.02843615956296,4.777070617820841,0
16.23658765438082,63.253590847921,151.14672048896702,5.062514971676901,0
10.795966116214592,30.313776812574766,406.21870020634435,6.998495847543458,0
15.443063052693919,75.65944560168563,100.00465390214646,4.572716760744179,0
27.491246829090766,32.118681296414344,266.6263313929169,5.378314920877289,0
22.64273651777494,74.74402696387392,309.00407243423535,3.6895209275945744,0
36.780151332309245,42.14883360991425,121.85376800038892,4.092689418272974,0
34.523306852153226,87.48440880716282,489.23126518893315,1.6842176092376029,0
20.254520550936277,52.07644507812507,190.45013249986877,5.18027555850025,0
17.782703002938774,49.615896980284745,221.67948785451233,5.519255362837373,0
21.390772245018006,38.93328301994668,221.5770049020109,5.692681619598854,0
27.708848275444232,48.33625292941289,192.16666484693997,4.620135861137992,0
18.041909224686286,82.59904570969204,100.58952883452457,3.9652672632122448,0
28.72446723547402,89.78006025763483,391.7379176351985,2.2468123459356573,0
22.282349565737213,52.098571830410904,486.73819991971413,4.680098251986018,0
26.561415425559407,56.916637857272555,189.717393314018,4.308309171266414,0
23.0837958740595,73.32425629216422,365.218876721369,3.6601887212644693,0
18.83397278625753,83.17174682790447,396.75853078348604,3.561256849195537,0
38.4535992088647,65.58266005120706,439.37015163620987,2.4361369249169673,0
32.908173824792826,53.491541890669765,269.05167880544366,3.7655538441817855,0
14.203395272993577,54.75731045091742,221.1723622561717,5.620622587898599,0
36.05403927693739,71.73708878980841,230.11805360921244,2.5776235792066284,0
24.62293594748541,30.193095816256722,385.0485332394051,5.643003081199218,0
36.836566806822745,67.17536024759045,426.7117866022544,2.5308635203359486,0
33.995657678419455,51.329580626481444,172.64558710264106,3.8613096137313407,0
22.756405134077003,77.65183987662505,248.37640326310608,3.593391089497941,0
10.674079249603523,35.57943838938793,460.77607869966005,6.692844076870591,0
18.060320781548384,65.29213601690343,422.6774078778957,4.506683713122094,0
26.249026439826007,58.858373393167426,493.94336110499034,3.9382353252540367,1
29.00434659478442,68.53953155431364,401.6993038728323,3.270889458933043,1
17.73663056299607,33.8912156689781,257.2780804111689,6.27449807984032,1
14.180682222184725,64.79902724568788,336.2551335978551,5.005725281899278,0
35.04790710397897,63.689075277571426,364.4057016989281,2.946349824024603,0
39.532065421106566,63.639605664970254,131.38232652684957,2.733430848113981,0
25.770705469080575,66.20925999578729,317.79878364154604,3.794667669661031,0
15.150378575449105,70.58807623358173,383.72833138904383,4.571829999386958,0
18.169219795581068,78.29933998084618,166.92852160042415,4.10118249979916,0
10.551720296424001,46.18924320769286,412.25268697022284,6.223113123002733,0
37.428964196814974,79.50296461080373,333.50911220564467,1.9484462375726714,0
13.532532486704234,59.89534093580722,480.88871427903786,5.171090990260177,0
27.295494265427607,34.62349674805987,116.96891928275667,5.422306816771489,0
18.22165662061618,33.51305575463875,206.1304550221868,6.296051095184257,0
26.6253400754738,50.05429912176365,340.62155171992964,4.494129484644508,0
29.542611650555926,77.09381862668806,218.62396488237226,2.9724239387276317,0
34.89225411121605,72.46085608445495,385.7696656284969,2.5019621190271506,0
16.1926381528181,77.31689788034438,403.6021130087724,4.111289177692198,0
10.329874859754414,61.03614338649656,141.00638562658978,5.77419895907314,0
14.106568902064218,56.41193987732943,305.5417856827071,5.463204330244399,0
37.00055925544315,38.84715160237704,303.55622223642234,4.05403027210041,0
36.216702326875456,49.69156521655869,247.71230808621644,3.646039198398304,0
27.922393065109247,56.04116197043251,473.16994502786883,3.9325326499395805,0
28.0155058130096,35.31602578077703,431.0025279492885,5.001645601710901,0
29.951100236387664,43.236717162672676,378.8837527638547,4.464170365463745,0
15.261138358703487,65.89351764382434,385.730654293999,4.793479627644435,0
37.4323583777488,74.1397868543514,284.68645752524765,2.2650883619823023,0
22.563115746762193,89.90085068357698,468.39780843863036,2.7802480827063016,0
21.494155847484926,85.98679988061346,377.83817090131413,3.1734062503195197,0
25.567531158485124,68.5539119721115,391.59242466232655,3.6239588608835858,0
11.408979003251652,55.27488319764432,444.6763615149381,5.6506815782776805,0
14.988501062682381,68.17064188249395,209.6286357368764,4.882989163870187,0
32.141008492791116,77.13909708481393,422.8283615466812,2.5061159349335105,0
12.483960037753794,37.10017145540324,178.09624118259683,6.718499182271861,0
28.094563283991647,54.59429338177729,238.13678089795513,4.2226922216140155,0
17.36047329043963,80.38813713813704,234.2441817079371,4.010301632341248,0
21.678868421259295,53.02997711598264,491.4101873556562,4.689204114719281,0
18.660812103120996,64.31233627363119,442.6148894991707,4.475687086507169,0
20.670181493948476,65.26616165173189,380.4679446361039,4.289205823382454,0
31.571377155527365,41.06857518801836,390.82270464615607,4.398610820400188,0
18.91365146869525,51.734126499137304,324.82911776102844,5.197099410412581,0
26.992139208906917,50.07067732451593,478.83626684340766,4.318415946040105,0
24.28151206597299,31.571802511923888,298.50350115294464,5.694755166653562,0
29.910134960879443,31.451505833481313,252.2070839479578,5.184204128290031,0
38.10489217974274,79.9018226205464,165.21413477263638,2.029205516225769,0
31.97716291630751,46.38424859836874,414.4822609044232,4.068589017546389,0
16.448211357722702,61.084725974328926,393.7775728302366,4.9071649926810466,0
10.93549405183854,47.92353441532639,253.74201540965396,6.256531858640172,0
17.867921328994754,86.44075470692043,110.07736558369174,3.7810927661708114,0
27.852337921007646,45.55780553194643,435.5989310872043,4.501277000214709,0
11.54277440452751,55.779408764336104,104.56719338162945,5.952184927948815,0
24.890987416037092,82.36381502907611,381.4799118516204,3.011230595090865,0
27.905285467506676,80.51601400750852,488.10284389042283,2.6955679089834828,0
20.027316724508825,41.16608507077664,275.06453125928135,5.663899542751004,0
33.12736611237466,78.15859858774263,193.9893619983811,2.585344097377021,0
13.197947594013154,57.49121320427356,381.9484040173527,5.423696176367654,0
12.254133452074264,58.97813232512131,426.85125680623406,5.398828781730273,0
31.8456626861081,38.00879834495663,318.57212643113894,4.596421687710219,0
24.864739486185954,34.836090825427476,486.81411010245847,5.284907400007572,0
30.65207189283208,73.6763584184259,120.66748866318444,3.1303074011323115,0
23.044820158112387,59.787669141317984,301.91823932181126,4.4042162878010505,0
17.392060997173203,56.21104215691077,387.38157892902,5.062860213508121,0
34.57306953022599,73.7704937191438,445.0561884596716,2.4091121725605387,0
33.982476369069374,75.93077393946658,171.70224476311603,2.6335114213566175,0
30.840894125632804,39.53449006016122,420.00139270547254,4.519184691723186,0
18.16435411689888,66.61350896865848,321.0828302874181,4.53180630958977,0
27.706920006072615,38.12124493666113,258.62147279598526,5.064624279763697,0
20.829216908200806,75.08250516174274,152.68601143163744,4.010267039661144,0
12.747462199799024,69.41730937602837,446.11830356356495,4.808270007655114,0
37.51940726386728,87.39687726500748,162.90928327188612,1.7153061270910115,0
14.104558927568842,34.13748098138527,223.9151436836397,6.6587549144902125,0
38.50712061462407,33.423283269075256,216.01821278497476,4.2621055622988555,0
23.380173188738674,46.93122448159201,448.56561367634174,4.86685584337019,0
